{
  "train_loss": [
    0.3159537580824873,
    0.27798253482898827,
    0.2516964626726958,
    0.23175807003189558,
    0.2161603700721039,
    0.20008898511200957,
    0.1827502884732196,
    0.17058654949537613,
    0.16034969402207705,
    0.1347018240675705,
    0.12228421098991947,
    0.11664349407414501,
    0.10729467793537667,
    0.10162251240005658,
    0.10098831644926057,
    0.09064394836870474,
    0.08614877637464015,
    0.08377099986357978,
    0.08147896227789984,
    0.07967130954922089,
    0.07738118212224927,
    0.07540317396076876,
    0.07399734859969818,
    0.07161736390816997,
    0.07070004937543575,
    0.06749637084046625,
    0.06669214792819049,
    0.06510441612053967,
    0.0673250828316119,
    0.06605852638230712,
    0.06320850936250773,
    0.06359505775800478,
    0.06338581005287058,
    0.062024715820725704,
    0.061428718144402095,
    0.05956308358003321,
    0.05805715099679974,
    0.05672300502851184,
    0.058045373059539766,
    0.056392461978156797,
    0.05684482944110092,
    0.0577109553441171,
    0.05531207708431021,
    0.056991183787654595,
    0.05434121833177014,
    0.055533967676437784,
    0.05401902243424699,
    0.05461878995791827,
    0.05502671921485156,
    0.05460329370063571,
    0.05433770979655051,
    0.05330539804754439,
    0.05408592613226494,
    0.052602204142735816,
    0.052395825526155765,
    0.052780304102625394,
    0.052450132220924935,
    0.05196184701866136,
    0.05309987610276296,
    0.05201263474183356,
    0.05209121296955448,
    0.05255804869709478,
    0.05082272217058395,
    0.05126250846715609,
    0.05137349897702723,
    0.05173162046275189,
    0.051050126969919736,
    0.052209644925446726,
    0.05180842095822002
  ],
  "val_loss": [],
  "val_mae": [
    0.6736938519709146,
    0.6367282411500589,
    0.6362995445283491,
    0.6509371560011337,
    0.6876023616363753,
    0.64911363685309,
    0.6911640954551412,
    0.6853544296168569,
    0.6434518416870886,
    0.6621222133511928,
    0.6673779556555535,
    0.6605356206644827,
    0.6821033758903617,
    0.6782171804068694,
    0.6407234946738428,
    0.6709690541028976,
    0.645092300737082,
    0.6316671502679142,
    0.6352256770009426,
    0.6504156765208315,
    0.6574881835215127,
    0.6392297822592864,
    0.6424086060541779,
    0.6446529617950097,
    0.6324419356993775,
    0.6453244012238374,
    0.6437220902585271,
    0.6529074180037228,
    0.633172514723308,
    0.6291116616174356,
    0.641934875676881,
    0.6635180978632685,
    0.6412692908475648,
    0.645500972867012,
    0.6431334270025367,
    0.6333198698598947,
    0.6428591924816814,
    0.6259292573181551,
    0.6437420889512816,
    0.648237800865031,
    0.6385714872114694,
    0.6466685435665187,
    0.6404345306887556,
    0.619217867504305,
    0.634720201590168,
    0.6425050259081285,
    0.6498705811464964,
    0.640313432287814,
    0.6499899879320344,
    0.6349643557818968,
    0.6260883948251382,
    0.6416880926534311,
    0.6245789999392495,
    0.6404071932853158,
    0.6299151233327922,
    0.6331778953769314,
    0.6386998567118574,
    0.6325728595256805,
    0.6242791618873824,
    0.6316436640362242,
    0.6293198401803402,
    0.6345878361321208,
    0.6276034376959303,
    0.6257497897343849,
    0.6393196507176356,
    0.6376480571369627,
    0.6407594749731804,
    0.6265892228528634,
    0.6384899376043632
  ],
  "learning_rate": [
    0.0001,
    0.0001,
    0.0001,
    0.0001,
    0.0001,
    0.0001,
    0.0001,
    0.0001,
    0.0001,
    5e-05,
    5e-05,
    5e-05,
    5e-05,
    5e-05,
    5e-05,
    2.5e-05,
    2.5e-05,
    2.5e-05,
    2.5e-05,
    2.5e-05,
    2.5e-05,
    2.5e-05,
    2.5e-05,
    2.5e-05,
    1.25e-05,
    1.25e-05,
    1.25e-05,
    1.25e-05,
    1.25e-05,
    1.25e-05,
    1.25e-05,
    1.25e-05,
    1.25e-05,
    1.25e-05,
    1.25e-05,
    1.25e-05,
    6.25e-06,
    6.25e-06,
    6.25e-06,
    6.25e-06,
    6.25e-06,
    6.25e-06,
    6.25e-06,
    6.25e-06,
    6.25e-06,
    6.25e-06,
    6.25e-06,
    6.25e-06,
    6.25e-06,
    6.25e-06,
    3.125e-06,
    3.125e-06,
    3.125e-06,
    3.125e-06,
    3.125e-06,
    3.125e-06,
    1.5625e-06,
    1.5625e-06,
    1.5625e-06,
    1.5625e-06,
    1.5625e-06,
    1.5625e-06,
    1e-06,
    1e-06,
    1e-06,
    1e-06,
    1e-06,
    1e-06,
    1e-06
  ]
}