{"train_loss": [0.32218825071171486, 0.3028241115059914, 0.28368605744919545, 0.2702724854769361, 0.257616288388886, 0.2493956740418414, 0.23939388801941192, 0.23478391275846594, 0.22385132721326542, 0.20981670520707685, 0.20289194723591208, 0.19961030756228798, 0.19289289847596214, 0.1888875969408853, 0.18120058312713397, 0.17568785668667056, 0.17075556858864455, 0.1656764441121475, 0.16359998455780717, 0.16370082191709992, 0.1599456886101936, 0.15880706661187535, 0.1553055236010619], "val_loss": [], "val_mae": [0.6694044681747308, 0.678741264711605, 0.6560653113247303, 0.671665527679947, 0.6628192241272229, 0.6624714695335774, 0.681850211673908, 0.6672145161735877, 0.7184856495495593, 0.715926475069496, 0.7063244239667829, 0.7635755085208443, 0.7615552501062329, 0.7528727565253719, 0.7552601946203896, 0.7183514270889625, 0.7343872450710682, 0.784113772632031, 0.7846379040667181, 0.7598264312811112, 0.7344284708915132, 0.8036495298147202, 0.7347918040631862], "learning_rate": [0.0001, 0.0001, 0.0001, 0.0001, 0.0001, 0.0001, 0.0001, 0.0001, 0.0001, 5e-05, 5e-05, 5e-05, 5e-05, 5e-05, 5e-05, 2.5e-05, 2.5e-05, 2.5e-05, 2.5e-05, 2.5e-05, 2.5e-05, 1.25e-05, 1.25e-05]}