{
  "train_loss": [
    0.8738412533962877,
    0.8239027364355214,
    0.7801642136373,
    0.732764952376766,
    0.6911750232636835,
    0.6515248106827713,
    0.6210037091653209,
    0.588573513950848,
    0.5676195861701414,
    0.5390739055912731,
    0.5091428706867609,
    0.4468239835586469,
    0.4229487699848957,
    0.40755670371248665,
    0.3996754424476633,
    0.38273957775577716,
    0.37178574526776215,
    0.36455963080479475,
    0.3495522415611026,
    0.34130066076481025,
    0.32641009189065473,
    0.3089642595432394,
    0.3025463570828942,
    0.2900275793819799,
    0.2944449264169583,
    0.2802589244894543,
    0.2746944448693931,
    0.2763019378308746,
    0.2753302766150742,
    0.2646550513736599,
    0.2535233056676463,
    0.25245469315094676,
    0.24760688936525266,
    0.24243390590169192,
    0.24517109786283295,
    0.23973754464221075,
    0.23609962526989994,
    0.233620095700787,
    0.24109258179101836,
    0.23270611519890153,
    0.23037138621106087,
    0.2265771560139556,
    0.22575332328191014,
    0.23127466222452903,
    0.2216788703156928,
    0.21968408141859203,
    0.22505824446514155,
    0.21861800968752437,
    0.22503952220750023,
    0.21411323687500972
  ],
  "val_loss": [],
  "val_mae": [
    0.7290799335370796,
    0.7280666425210259,
    0.7961932684151868,
    0.7451761268944329,
    0.6636440430241131,
    0.749333194579078,
    0.7242361456713873,
    0.7008714860074976,
    0.7088269615887702,
    0.693376190318597,
    0.7549077221070336,
    0.6783267307594028,
    0.7357343315854947,
    0.6476695242892491,
    0.6936397581511222,
    0.6878048419282677,
    0.743692550654715,
    0.7207734411798613,
    0.6973195267973767,
    0.7028817337996951,
    0.6828515260630332,
    0.6870690418986346,
    0.6407270658105501,
    0.705200554391418,
    0.6815974321704679,
    0.6784318213382464,
    0.6947171564182538,
    0.7189154003220104,
    0.700073931324348,
    0.681208365530557,
    0.6547413223914886,
    0.7050710150811557,
    0.6542106170332833,
    0.7168163003099992,
    0.6728116748261541,
    0.6717314239075122,
    0.6512054578865065,
    0.6867041439376074,
    0.691745504234614,
    0.6548495999213015,
    0.6481155955166406,
    0.6927585964568992,
    0.7089479078960775,
    0.6755317558956503,
    0.6380759051230069,
    0.6443685556618909,
    0.6819656617409281,
    0.6622761591766657,
    0.6651701826727792,
    0.6740747053971451
  ],
  "learning_rate": [
    0.0001,
    0.0001,
    0.0001,
    0.0001,
    0.0001,
    0.0001,
    0.0001,
    0.0001,
    0.0001,
    0.0001,
    0.0001,
    5e-05,
    5e-05,
    5e-05,
    5e-05,
    5e-05,
    5e-05,
    5e-05,
    5e-05,
    5e-05,
    2.5e-05,
    2.5e-05,
    2.5e-05,
    2.5e-05,
    2.5e-05,
    2.5e-05,
    2.5e-05,
    2.5e-05,
    2.5e-05,
    1.25e-05,
    1.25e-05,
    1.25e-05,
    1.25e-05,
    1.25e-05,
    1.25e-05,
    6.25e-06,
    6.25e-06,
    6.25e-06,
    6.25e-06,
    6.25e-06,
    6.25e-06,
    3.125e-06,
    3.125e-06,
    3.125e-06,
    3.125e-06,
    3.125e-06,
    3.125e-06,
    3.125e-06,
    3.125e-06,
    3.125e-06
  ]
}