{
  "train_loss": [
    0.9134801287883483,
    0.9113511586526655,
    0.9206673125238538,
    0.9207007406080294,
    0.9194288141322586,
    0.9047999372647243,
    0.9204829068116422,
    0.9212055941047909,
    0.9204365115308162,
    0.9203244146873366,
    0.9205293278649168,
    0.9202278231112462,
    0.9206675257322923,
    0.9218417029335814,
    0.9205598327911125,
    0.9205572828181885,
    0.9198844868619487,
    0.9154961864528416,
    0.9135682391670515,
    0.9185806310401773,
    0.9187230907333722,
    0.9180688025816431,
    0.916968952840979,
    0.917470413558888,
    0.9197803305567436,
    0.9165040787848286,
    0.9168217262756899,
    0.9166806563266419
  ],
  "val_loss": [],
  "val_mae": [
    0.7544667836445481,
    0.7460287284495225,
    0.7380353612686271,
    0.7397928122264236,
    0.7709319048853063,
    0.7445268266236604,
    0.7395929133714135,
    0.7305698323605666,
    0.7377520345929843,
    0.7364748992137055,
    0.7363307164676154,
    0.739434260930588,
    0.7382220616981164,
    0.7438783583356373,
    0.7388153262992403,
    0.7401742348030432,
    0.7916116643307815,
    0.7509260684696596,
    0.7394017114568112,
    0.7400726444685637,
    0.7408018076597754,
    0.7409836694375792,
    0.7438420768994004,
    0.7428402624913116,
    0.7422576448810634,
    0.7394929501547742,
    0.7401648617502469,
    0.7413196821710957
  ],
  "learning_rate": [
    0.001,
    0.001,
    0.001,
    0.001,
    0.001,
    0.001,
    0.001,
    0.001,
    0.001,
    0.001,
    0.001,
    0.001,
    0.001,
    0.001,
    0.0005,
    0.0005,
    0.0005,
    0.0005,
    0.0005,
    0.0005,
    0.00025,
    0.00025,
    0.00025,
    0.00025,
    0.00025,
    0.00025,
    0.000125,
    0.000125
  ]
}